Workbook

Sheet Attendence table
A1: Month | B1: Year | C1: ="FULL AUTOMATIC ATTENDENCE TABLE - "&A2&" "&B2 -> FULL AUTOMATIC ATTENDENCE TABLE - Jul 2026
A2: Jul | B2: 2026
A3: =DATEVALUE("1"&A2&B2) -> 46204 | B3: =EOMONTH(A3,0) -> 46234
A4: Emp_Id | B4: Emp_Name | C4: =A3 -> 46204 | D4: =IF(C4<$B$3,C4+1,"") -> 46205 | E4: =IF(D4<$B$3,D4+1,"") -> 46206 | F4: =IF(E4<$B$3,E4+1,"") -> 46207 | G4: =IF(F4<$B$3,F4+1,"") -> 46208 | H4: =IF(G4<$B$3,G4+1,"") -> 46209 | I4: =IF(H4<$B$3,H4+1,"") -> 46210 | J4: =IF(I4<$B$3,I4+1,"") -> 46211 | K4: =IF(J4<$B$3,J4+1,"") -> 46212 | ... AG4: =IF(AF4<$B$3,AF4+1,"") -> 46234 | AH4: TOTAL DAY | AI4: PRESENT | AJ4: ABSENT | AK4: HOLIDAY | AL4: WEEK OFF
C5: =TEXT(C4,"ddd") -> Wed | D5: =TEXT(D4,"ddd") -> Thu | E5: =TEXT(E4,"ddd") -> Fri | F5: =TEXT(F4,"ddd") -> Sat | G5: =TEXT(G4,"ddd") -> Sun | H5: =TEXT(H4,"ddd") -> Mon | I5: =TEXT(I4,"ddd") -> Tue | J5: =TEXT(J4,"ddd") -> Wed | ... AG5: =TEXT(AG4,"ddd") -> Fri
A7: Emp001 | B7: Aarav Sharma | C7: P | D7: A | E7: H | F7: P | G7: A | H7: H | I7: P | J7: P | K7: P | L7: P | M7: P | O7: P | P7: P | Q7: P | R7: P | S7: H | T7: H | V7: P | W7: P | X7: P | Y7: P | Z7: A | AA7: P | AC7: P | AD7: P | AE7: P | AF7: P | AH7: =COUNT($C$4:$AG$4) -> 31 | AI7: =COUNTIF($C7:$AG7,"P") -> 20 | AJ7: =COUNTIF($C7:$AG7,"A") -> 3 | AK7: =COUNTIF($C7:$AG7,"H") -> 4 | AL7: =COUNTIF($C5:$AG6,"Sun") -> 4
A8: Emp002 | B8: Aditya Verma | C8: P | D8: P | E8: P | F8: P | H8: P | I8: P | J8: P | K8: P | L8: P | M8: P | O8: P | P8: P | Q8: P | R8: P | S8: H | T8: H | V8: P | W8: P | X8: P | Y8: P | Z8: P | AA8: P | AC8: P | AD8: P | AE8: P | AF8: P | AH8: =COUNT($C$4:$AG$4) -> 31 | AI8: =COUNTIF($C8:$AG8,"P") -> 24 | AJ8: =COUNTIF($C8:$AG8,"A") -> 0 | AK8: =COUNTIF($C8:$AG8,"H") -> 2 | AL8: =COUNTIF($C6:$AG7,"Sun") -> 0
A9: Emp003 | B9: Ananya Singh | C9: P | D9: P | E9: P | F9: P | H9: P | I9: P | J9: P | K9: P | L9: P | M9: P | O9: P | P9: P | Q9: P | R9: P | S9: P | T9: H | V9: P | W9: P | X9: P | Y9: P | Z9: P | AA9: P | AC9: P | AD9: P | AE9: P | AF9: P | AH9: =COUNT($C$4:$AG$4) -> 31 | AI9: =COUNTIF($C9:$AG9,"P") -> 25 | AJ9: =COUNTIF($C9:$AG9,"A") -> 0 | AK9: =COUNTIF($C9:$AG9,"H") -> 1 | AL9: =COUNTIF($C7:$AG8,"Sun") -> 0
A10: Emp004 | B10: Arjun Kumar | C10: P | D10: P | E10: P | F10: P | H10: P | I10: P | J10: P | K10: P | L10: P | M10: P | O10: P | P10: P | Q10: P | R10: P | S10: H | T10: H | V10: P | W10: H | X10: P | Y10: P | Z10: P | AA10: P | AC10: P | AD10: P | AE10: P | AF10: P | AH10: =COUNT($C$4:$AG$4) -> 31 | AI10: =COUNTIF($C10:$AG10,"P") -> 23 | AJ10: =COUNTIF($C10:$AG10,"A") -> 0 | AK10: =COUNTIF($C10:$AG10,"H") -> 3 | AL10: =COUNTIF($C8:$AG9,"Sun") -> 0
A11: Emp005 | B11: Ayush Gupta | C11: P | D11: P | E11: P | F11: P | H11: P | I11: P | J11: H | K11: P | L11: P | M11: P | O11: P | P11: P | Q11: P | R11: P | S11: P | T11: H | V11: P | W11: P | X11: P | Y11: P | Z11: P | AA11: P | AC11: P | AD11: P | AE11: P | AF11: P | AH11: =COUNT($C$4:$AG$4) -> 31 | AI11: =COUNTIF($C11:$AG11,"P") -> 24 | AJ11: =COUNTIF($C11:$AG11,"A") -> 0 | AK11: =COUNTIF($C11:$AG11,"H") -> 2 | AL11: =COUNTIF($C9:$AG10,"Sun") -> 0
A12: Emp006 | B12: Deepak Yadav | C12: P | D12: P | E12: A | F12: P | H12: P | I12: P | J12: P | K12: P | L12: P | M12: P | O12: A | P12: P | Q12: P | R12: P | S12: A | T12: H | V12: P | W12: P | X12: P | Y12: P | Z12: P | AA12: P | AC12: P | AD12: P | AE12: P | AF12: P | AH12: =COUNT($C$4:$AG$4) -> 31 | AI12: =COUNTIF($C12:$AG12,"P") -> 22 | AJ12: =COUNTIF($C12:$AG12,"A") -> 3 | AK12: =COUNTIF($C12:$AG12,"H") -> 1 | AL12: =COUNTIF($C10:$AG11,"Sun") -> 0
A13: Emp007 | B13: Divya Patel | C13: P | D13: P | E13: P | F13: P | H13: P | I13: P | J13: P | K13: P | L13: P | M13: P | O13: P | P13: P | Q13: A | R13: P | S13: H | T13: H | V13: P | W13: P | X13: P | Y13: P | Z13: P | AA13: P | AC13: P | AD13: P | AE13: P | AF13: P | AH13: =COUNT($C$4:$AG$4) -> 31 | AI13: =COUNTIF($C13:$AG13,"P") -> 23 | AJ13: =COUNTIF($C13:$AG13,"A") -> 1 | AK13: =COUNTIF($C13:$AG13,"H") -> 2 | AL13: =COUNTIF($C11:$AG12,"Sun") -> 0
A14: Emp008 | B14: Harsh Raj | C14: P | D14: P | E14: P | F14: H | H14: P | I14: P | J14: P | K14: P | L14: P | M14: P | O14: P | P14: A | Q14: H | R14: P | S14: P | T14: H | V14: H | W14: P | X14: P | Y14: P | Z14: P | AA14: P | AC14: P | AD14: P | AE14: P | AF14: P | AH14: =COUNT($C$4:$AG$4) -> 31 | AI14: =COUNTIF($C14:$AG14,"P") -> 21 | AJ14: =COUNTIF($C14:$AG14,"A") -> 1 | AK14: =COUNTIF($C14:$AG14,"H") -> 4 | AL14: =COUNTIF($C12:$AG13,"Sun") -> 0
A15: Emp009 | B15: Karan Mehta | C15: P | D15: P | E15: P | F15: P | H15: P | I15: P | J15: P | K15: P | L15: P | M15: P | O15: P | P15: P | Q15: P | R15: P | S15: P | T15: H | V15: P | W15: P | X15: P | Y15: P | Z15: P | AA15: P | AC15: P | AD15: P | AE15: P | AF15: P | AH15: =COUNT($C$4:$AG$4) -> 31 | AI15: =COUNTIF($C15:$AG15,"P") -> 25 | AJ15: =COUNTIF($C15:$AG15,"A") -> 0 | AK15: =COUNTIF($C15:$AG15,"H") -> 1 | AL15: =COUNTIF($C13:$AG14,"Sun") -> 0
A16: Emp010 | B16: Kavya Nair | C16: P | D16: P | E16: P | F16: P | H16: P | I16: P | J16: P | K16: P | L16: P | M16: P | O16: P | P16: P | Q16: P | R16: P | S16: P | T16: H | V16: P | W16: P | X16: P | Y16: P | Z16: A | AA16: P | AC16: P | AD16: P | AE16: P | AF16: P | AH16: =COUNT($C$4:$AG$4) -> 31 | AI16: =COUNTIF($C16:$AG16,"P") -> 24 | AJ16: =COUNTIF($C16:$AG16,"A") -> 1 | AK16: =COUNTIF($C16:$AG16,"H") -> 1 | AL16: =COUNTIF($C14:$AG15,"Sun") -> 0
A17: Emp011 | B17: Manish Kumar | C17: P | D17: P | E17: P | F17: P | H17: P | I17: A | J17: P | K17: P | L17: P | M17: P | O17: P | P17: P | Q17: P | R17: P | S17: H | T17: H | V17: P | W17: P | X17: P | Y17: P | Z17: P | AA17: P | AC17: P | AD17: P | AE17: P | AF17: P | AH17: =COUNT($C$4:$AG$4) -> 31 | AI17: =COUNTIF($C17:$AG17,"P") -> 23 | AJ17: =COUNTIF($C17:$AG17,"A") -> 1 | AK17: =COUNTIF($C17:$AG17,"H") -> 2 | AL17: =COUNTIF($C15:$AG16,"Sun") -> 0
A18: Emp012 | B18: Neha Sharma | C18: A | D18: P | E18: H | F18: P | H18: P | I18: P | J18: P | K18: P | L18: P | M18: P | O18: P | P18: P | Q18: P | R18: P | S18: P | T18: H | V18: P | W18: P | X18: P | Y18: P | Z18: P | AA18: P | AC18: P | AD18: P | AE18: P | AF18: P | AH18: =COUNT($C$4:$AG$4) -> 31 | AI18: =COUNTIF($C18:$AG18,"P") -> 23 | AJ18: =COUNTIF($C18:$AG18,"A") -> 1 | AK18: =COUNTIF($C18:$AG18,"H") -> 2 | AL18: =COUNTIF($C16:$AG17,"Sun") -> 0
A19: Emp013 | B19: Pooja Verma | C19: P | D19: P | E19: A | F19: P | H19: P | I19: P | J19: P | K19: P | L19: P | M19: P | O19: P | P19: P | Q19: P | R19: P | S19: P | T19: H | V19: P | W19: P | X19: P | Y19: P | Z19: P | AA19: P | AC19: P | AD19: P | AE19: P | AF19: P | AH19: =COUNT($C$4:$AG$4) -> 31 | AI19: =COUNTIF($C19:$AG19,"P") -> 24 | AJ19: =COUNTIF($C19:$AG19,"A") -> 1 | AK19: =COUNTIF($C19:$AG19,"H") -> 1 | AL19: =COUNTIF($C17:$AG18,"Sun") -> 0
A20: Emp014 | B20: Rahul Singh | C20: P | D20: P | E20: P | F20: P | H20: P | I20: P | J20: P | K20: P | L20: P | M20: P | N20: A | O20: P | P20: P | Q20: P | R20: P | S20: P | T20: H | V20: P | W20: P | X20: P | Y20: P | Z20: P | AA20: P | AC20: P | AD20: P | AE20: P | AF20: P | AH20: =COUNT($C$4:$AG$4) -> 31 | AI20: =COUNTIF($C20:$AG20,"P") -> 25 | AJ20: =COUNTIF($C20:$AG20,"A") -> 1 | AK20: =COUNTIF($C20:$AG20,"H") -> 1 | AL20: =COUNTIF($C18:$AG19,"Sun") -> 0
A21: Emp015 | B21: Riya Gupta | C21: P | D21: P | E21: P | F21: P | H21: P | I21: P | J21: P | K21: P | L21: P | M21: P | O21: P | P21: P | Q21: P | R21: P | S21: H | T21: H | V21: P | W21: P | X21: P | Y21: P | Z21: P | AA21: P | AC21: P | AD21: P | AE21: P | AF21: P | AH21: =COUNT($C$4:$AG$4) -> 31 | AI21: =COUNTIF($C21:$AG21,"P") -> 24 | AJ21: =COUNTIF($C21:$AG21,"A") -> 0 | AK21: =COUNTIF($C21:$AG21,"H") -> 2 | AL21: =COUNTIF($C19:$AG20,"Sun") -> 0
A22: Emp016 | B22: Rohit Mishra | C22: P | D22: P | E22: P | F22: P | H22: P | I22: P | J22: P | K22: P | L22: P | M22: P | O22: P | P22: P | Q22: P | R22: P | S22: P | T22: H | V22: P | W22: P | X22: P | Y22: P | Z22: P | AA22: P | AC22: P | AD22: P | AE22: P | AF22: P | AH22: =COUNT($C$4:$AG$4) -> 31 | AI22: =COUNTIF($C22:$AG22,"P") -> 25 | AJ22: =COUNTIF($C22:$AG22,"A") -> 0 | AK22: =COUNTIF($C22:$AG22,"H") -> 1 | AL22: =COUNTIF($C20:$AG21,"Sun") -> 0
A23: Emp017 | B23: Sanya Kapoor | C23: A | D23: P | E23: P | F23: P | H23: P | I23: P | J23: A | K23: P | L23: P | M23: P | O23: A | P23: P | Q23: P | R23: P | S23: P | T23: H | V23: P | W23: P | X23: P | Y23: P | Z23: P | AA23: P | AC23: P | AD23: P | AE23: P | AF23: P | AH23: =COUNT($C$4:$AG$4) -> 31 | AI23: =COUNTIF($C23:$AG23,"P") -> 22 | AJ23: =COUNTIF($C23:$AG23,"A") -> 3 | AK23: =COUNTIF($C23:$AG23,"H") -> 1 | AL23: =COUNTIF($C21:$AG22,"Sun") -> 0
A24: Emp018 | B24: Shubham Das | C24: P | D24: P | E24: P | F24: P | H24: P | I24: P | J24: H | K24: P | L24: P | M24: P | O24: P | P24: P | Q24: P | R24: P | S24: P | T24: H | V24: P | W24: P | X24: P | Y24: P | Z24: P | AA24: P | AC24: P | AD24: P | AE24: P | AF24: P | AH24: =COUNT($C$4:$AG$4) -> 31 | AI24: =COUNTIF($C24:$AG24,"P") -> 24 | AJ24: =COUNTIF($C24:$AG24,"A") -> 0 | AK24: =COUNTIF($C24:$AG24,"H") -> 2 | AL24: =COUNTIF($C22:$AG23,"Sun") -> 0
A25: Emp019 | B25: Sneha Kumari | C25: P | D25: P | E25: P | F25: P | H25: P | I25: P | J25: A | K25: P | L25: P | M25: P | O25: P | P25: P | Q25: P | R25: P | S25: P | T25: H | V25: P | W25: P | X25: P | Y25: P | Z25: P | AA25: P | AC25: P | AD25: P | AE25: P | AF25: P | AH25: =COUNT($C$4:$AG$4) -> 31 | AI25: =COUNTIF($C25:$AG25,"P") -> 24 | AJ25: =COUNTIF($C25:$AG25,"A") -> 1 | AK25: =COUNTIF($C25:$AG25,"H") -> 1 | AL25: =COUNTIF($C23:$AG24,"Sun") -> 0
A26: Emp020 | B26: Vikash Kumar | C26: P | D26: P | E26: P | F26: A | H26: P | I26: P | J26: P | K26: H | L26: P | M26: A | O26: H | P26: P | Q26: P | R26: A | S26: P | T26: H | V26: P | W26: H | X26: A | Y26: P | Z26: P | AA26: P | AC26: P | AD26: P | AE26: P | AF26: P | AH26: =COUNT($C$4:$AG$4) -> 31 | AI26: =COUNTIF($C26:$AG26,"P") -> 18 | AJ26: =COUNTIF($C26:$AG26,"A") -> 4 | AK26: =COUNTIF($C26:$AG26,"H") -> 4 | AL26: =COUNTIF($C24:$AG25,"Sun") -> 0
A31: Jan | B31: 2026
A32: Feb | B32: 2027
A33: Mar | B33: 2028
A34: Apr | B34: 2029
A35: May | B35: 2030
A36: Jun
A37: Jul
A38: Aug
A39: Sep
A40: Oct
A41: Nov
A42: Dec

Sheet Salary sheet
A1: ="FULL AUTOMATIC SALARY SHEET-"&'Attendence table'!A2&" "&'Attendence table'!B2 -> FULL AUTOMATIC SALARY SHEET-Jul 2026
A4: Emp-Id | B4: Emp-Name | C4: Designation | D4: Basic Salary | E4: Total Days | F4: Attendance (Working Days) | G4: Per day Salary | H4: Salary (Based on Attendance) | I4: DA (12%) | J4: City | K4: HRA | L4: TA(5%) | M4: OT in (Hrs.) | N4: Overtime Pay | O4: Gross Salary | P4: PF (12%) | Q4: ESI (0.75%) | R4: Net Salary
A5: ='Attendence table'!A7 -> Emp001 | B5: ='Attendence table'!B7 -> Aarav Sharma | C5: Manager | D5: 70000 | E5: ='Attendence table'!AH7 -> 31 | F5: =SUM('Attendence table'!AI7,'Attendence table'!AK7,'Attendence table'!AL7,) -> 28 | G5: =D5/E5 -> 2258.0645 | H5: =F5*G5 -> 63225.806 | I5: =D5*12% -> 8400 | J5: City | K5: =IF(J5="City",D5*50%,D5*40%) -> 35000 | L5: =D5*5% -> 3500 | M5: 24 | N5: =G5/8*M5 -> 6774.1935 | O5: =H5+I5+K5+L5+N5 -> 116900 | P5: =D5*12% -> 8400 | Q5: =IF(O5<=40000,O5*0.75%,"0") -> 0 | R5: =O5-(P5+Q5) -> 108500
A6: ='Attendence table'!A8 -> Emp002 | B6: ='Attendence table'!B8 -> Aditya Verma | C6: Manager | D6: 75000 | E6: ='Attendence table'!AH8 -> 31 | F6: =SUM('Attendence table'!AI8,'Attendence table'!AK8,'Attendence table'!AL8,) -> 26 | G6: =D6/E6 -> 2419.3548 | H6: =F6*G6 -> 62903.226 | I6: =D6*12% -> 9000 | J6: City | K6: =IF(J6="City",D6*50%,D6*40%) -> 37500 | L6: =D6*5% -> 3750 | M6: 4 | N6: =G6/8*M6 -> 1209.6774 | O6: =H6+I6+K6+L6+N6 -> 114362.9 | P6: =D6*12% -> 9000 | Q6: =IF(O6<=40000,O6*0.75%,"0") -> 0 | R6: =O6-(P6+Q6) -> 105362.9
A7: ='Attendence table'!A9 -> Emp003 | B7: ='Attendence table'!B9 -> Ananya Singh | C7: Manager | D7: 80000 | E7: ='Attendence table'!AH9 -> 31 | F7: =SUM('Attendence table'!AI9,'Attendence table'!AK9,'Attendence table'!AL9,) -> 26 | G7: =D7/E7 -> 2580.6452 | H7: =F7*G7 -> 67096.774 | I7: =D7*12% -> 9600 | J7: City | K7: =IF(J7="City",D7*50%,D7*40%) -> 40000 | L7: =D7*5% -> 4000 | M7: 41 | N7: =G7/8*M7 -> 13225.806 | O7: =H7+I7+K7+L7+N7 -> 133922.58 | P7: =D7*12% -> 9600 | Q7: =IF(O7<=40000,O7*0.75%,"0") -> 0 | R7: =O7-(P7+Q7) -> 124322.58
A8: ='Attendence table'!A10 -> Emp004 | B8: ='Attendence table'!B10 -> Arjun Kumar | C8: Manager | D8: 60000 | E8: ='Attendence table'!AH10 -> 31 | F8: =SUM('Attendence table'!AI10,'Attendence table'!AK10,'Attendence table'!AL10,) -> 26 | G8: =D8/E8 -> 1935.4839 | H8: =F8*G8 -> 50322.581 | I8: =D8*12% -> 7200 | J8: City | K8: =IF(J8="City",D8*50%,D8*40%) -> 30000 | L8: =D8*5% -> 3000 | M8: 20 | N8: =G8/8*M8 -> 4838.7097 | O8: =H8+I8+K8+L8+N8 -> 95361.29 | P8: =D8*12% -> 7200 | Q8: =IF(O8<=40000,O8*0.75%,"0") -> 0 | R8: =O8-(P8+Q8) -> 88161.29
A9: ='Attendence table'!A11 -> Emp005 | B9: ='Attendence table'!B11 -> Ayush Gupta | C9: Manager | D9: 62000 | E9: ='Attendence table'!AH11 -> 31 | F9: =SUM('Attendence table'!AI11,'Attendence table'!AK11,'Attendence table'!AL11,) -> 26 | G9: =D9/E9 -> 2000 | H9: =F9*G9 -> 52000 | I9: =D9*12% -> 7440 | J9: City | K9: =IF(J9="City",D9*50%,D9*40%) -> 31000 | L9: =D9*5% -> 3100 | M9: 18 | N9: =G9/8*M9 -> 4500 | O9: =H9+I9+K9+L9+N9 -> 98040 | P9: =D9*12% -> 7440 | Q9: =IF(O9<=40000,O9*0.75%,"0") -> 0 | R9: =O9-(P9+Q9) -> 90600
A10: ='Attendence table'!A12 -> Emp006 | B10: ='Attendence table'!B12 -> Deepak Yadav | C10: Tech | D10: 45000 | E10: ='Attendence table'!AH12 -> 31 | F10: =SUM('Attendence table'!AI12,'Attendence table'!AK12,'Attendence table'!AL12,) -> 23 | G10: =D10/E10 -> 1451.6129 | H10: =F10*G10 -> 33387.097 | I10: =D10*12% -> 5400 | J10: City | K10: =IF(J10="City",D10*50%,D10*40%) -> 22500 | L10: =D10*5% -> 2250 | M10: 10 | N10: =G10/8*M10 -> 1814.5161 | O10: =H10+I10+K10+L10+N10 -> 65351.613 | P10: =D10*12% -> 5400 | Q10: =IF(O10<=40000,O10*0.75%,"0") -> 0 | R10: =O10-(P10+Q10) -> 59951.613
A11: ='Attendence table'!A13 -> Emp007 | B11: ='Attendence table'!B13 -> Divya Patel | C11: Tech | D11: 45000 | E11: ='Attendence table'!AH13 -> 31 | F11: =SUM('Attendence table'!AI13,'Attendence table'!AK13,'Attendence table'!AL13,) -> 25 | G11: =D11/E11 -> 1451.6129 | H11: =F11*G11 -> 36290.323 | I11: =D11*12% -> 5400 | J11: Non-City | K11: =IF(J11="City",D11*50%,D11*40%) -> 18000 | L11: =D11*5% -> 2250 | M11: 25 | N11: =G11/8*M11 -> 4536.2903 | O11: =H11+I11+K11+L11+N11 -> 66476.613 | P11: =D11*12% -> 5400 | Q11: =IF(O11<=40000,O11*0.75%,"0") -> 0 | R11: =O11-(P11+Q11) -> 61076.613
A12: ='Attendence table'!A14 -> Emp008 | B12: ='Attendence table'!B14 -> Harsh Raj | C12: Tech | D12: 40000 | E12: ='Attendence table'!AH14 -> 31 | F12: =SUM('Attendence table'!AI14,'Attendence table'!AK14,'Attendence table'!AL14,) -> 25 | G12: =D12/E12 -> 1290.3226 | H12: =F12*G12 -> 32258.065 | I12: =D12*12% -> 4800 | J12: City | K12: =IF(J12="City",D12*50%,D12*40%) -> 20000 | L12: =D12*5% -> 2000 | M12: 15 | N12: =G12/8*M12 -> 2419.3548 | O12: =H12+I12+K12+L12+N12 -> 61477.419 | P12: =D12*12% -> 4800 | Q12: =IF(O12<=40000,O12*0.75%,"0") -> 0 | R12: =O12-(P12+Q12) -> 56677.419
A13: ='Attendence table'!A15 -> Emp009 | B13: ='Attendence table'!B15 -> Karan Mehta | C13: Tech | D13: 45000 | E13: ='Attendence table'!AH15 -> 31 | F13: =SUM('Attendence table'!AI15,'Attendence table'!AK15,'Attendence table'!AL15,) -> 26 | G13: =D13/E13 -> 1451.6129 | H13: =F13*G13 -> 37741.935 | I13: =D13*12% -> 5400 | J13: City | K13: =IF(J13="City",D13*50%,D13*40%) -> 22500 | L13: =D13*5% -> 2250 | M13: 29 | N13: =G13/8*M13 -> 5262.0968 | O13: =H13+I13+K13+L13+N13 -> 73154.032 | P13: =D13*12% -> 5400 | Q13: =IF(O13<=40000,O13*0.75%,"0") -> 0 | R13: =O13-(P13+Q13) -> 67754.032
A14: ='Attendence table'!A16 -> Emp010 | B14: ='Attendence table'!B16 -> Kavya Nair | C14: Tech | D14: 55000 | E14: ='Attendence table'!AH16 -> 31 | F14: =SUM('Attendence table'!AI16,'Attendence table'!AK16,'Attendence table'!AL16,) -> 25 | G14: =D14/E14 -> 1774.1935 | H14: =F14*G14 -> 44354.839 | I14: =D14*12% -> 6600 | J14: City | K14: =IF(J14="City",D14*50%,D14*40%) -> 27500 | L14: =D14*5% -> 2750 | M14: 12 | N14: =G14/8*M14 -> 2661.2903 | O14: =H14+I14+K14+L14+N14 -> 83866.129 | P14: =D14*12% -> 6600 | Q14: =IF(O14<=40000,O14*0.75%,"0") -> 0 | R14: =O14-(P14+Q14) -> 77266.129
A15: ='Attendence table'!A17 -> Emp011 | B15: ='Attendence table'!B17 -> Manish Kumar | C15: Tech | D15: 45000 | E15: ='Attendence table'!AH17 -> 31 | F15: =SUM('Attendence table'!AI17,'Attendence table'!AK17,'Attendence table'!AL17,) -> 25 | G15: =D15/E15 -> 1451.6129 | H15: =F15*G15 -> 36290.323 | I15: =D15*12% -> 5400 | J15: City | K15: =IF(J15="City",D15*50%,D15*40%) -> 22500 | L15: =D15*5% -> 2250 | M15: 11 | N15: =G15/8*M15 -> 1995.9677 | O15: =H15+I15+K15+L15+N15 -> 68436.29 | P15: =D15*12% -> 5400 | Q15: =IF(O15<=40000,O15*0.75%,"0") -> 0 | R15: =O15-(P15+Q15) -> 63036.29
A16: ='Attendence table'!A18 -> Emp012 | B16: ='Attendence table'!B18 -> Neha Sharma | C16: Staff | D16: 30000 | E16: ='Attendence table'!AH18 -> 31 | F16: =SUM('Attendence table'!AI18,'Attendence table'!AK18,'Attendence table'!AL18,) -> 25 | G16: =D16/E16 -> 967.74194 | H16: =F16*G16 -> 24193.548 | I16: =D16*12% -> 3600 | J16: City | K16: =IF(J16="City",D16*50%,D16*40%) -> 15000 | L16: =D16*5% -> 1500 | M16: 5 | N16: =G16/8*M16 -> 604.83871 | O16: =H16+I16+K16+L16+N16 -> 44898.387 | P16: =D16*12% -> 3600 | Q16: =IF(O16<=40000,O16*0.75%,"0") -> 0 | R16: =O16-(P16+Q16) -> 41298.387
... A24: ='Attendence table'!A26 -> Emp020 | B24: ='Attendence table'!B26 -> Vikash Kumar | C24: Peon | D24: 24000 | E24: ='Attendence table'!AH26 -> 31 | F24: =SUM('Attendence table'!AI26,'Attendence table'!AK26,'Attendence table'!AL26,) -> 22 | G24: =D24/E24 -> 774.19355 | H24: =F24*G24 -> 17032.258 | I24: =D24*12% -> 2880 | J24: Non-City | K24: =IF(J24="City",D24*50%,D24*40%) -> 9600 | L24: =D24*5% -> 1200 | M24: 9 | N24: =G24/8*M24 -> 870.96774 | O24: =H24+I24+K24+L24+N24 -> 31583.226 | P24: =D24*12% -> 2880 | Q24: =IF(O24<=40000,O24*0.75%,"0") -> 236.87419 | R24: =O24-(P24+Q24) -> 28466.352

Sheet Salary slip 
A1: ADITYA PVT.LTD
A2: Delhi,Dwarka,Sector-10,INDIA, Mob:-8709655323
A4: Employee Details | C4: Salary Details
A5: Emp-Id | B5: Emp001 | C5: Attendance (Working Days) | D5: =VLOOKUP($B$5,'Salary sheet'!A1:R24,6,0) -> 28
A6: Emp-Name | B6: =VLOOKUP($B$5,'Salary sheet'!A1:$R$24,MATCH(A6,'Salary sheet'!$A$4:$R$4,0),0) -> Aarav Sharma | C6: Total Days | D6: =VLOOKUP($B$5, 'Salary sheet'!$A$4:$R$24, MATCH(C6, 'Salary sheet'!$A$4:$R$4, 0), 0) -> 31
A7: Designation | B7: =VLOOKUP($B$5,'Salary sheet'!A2:$R$24,MATCH(A7,'Salary sheet'!$A$4:$R$4,0),0) -> Manager | C7: Salary Slip Print date | D7: =TODAY() -> 46300
A9: Basic Salary | C9: =VLOOKUP($B$5, 'Salary sheet'!$A$4:$R$24, MATCH(A12, 'Salary sheet'!$A$4:$R$4, 0), 0) -> 63225.806
A11: Earning | C11: Deduction
A12: Salary (Based on Attendance) | B12: =VLOOKUP($B$5, 'Salary sheet'!$A$4:$R$24, 8, 0) -> 63225.806 | C12: PF (12%) | D12: =VLOOKUP($B$5,'Salary sheet'!A1:R24,16,0) -> 8400
A13: DA (12%) | B13: =VLOOKUP($B$5, 'Salary sheet'!$A$4:$R$24, 9, 0) -> 8400 | C13: ESI (0.75%) | D13: =VLOOKUP($B$5,'Salary sheet'!A1:R24,17,0) -> 0
A14: HRA | B14: =VLOOKUP($B$5, 'Salary sheet'!$A$4:$R$24, 11, 0) -> 35000
A15: TA(5%) | B15: =VLOOKUP(B5,'Salary sheet'!A1:R24,12,0) -> 3500
A16: Overtime Pay | B16: =VLOOKUP($B$5, 'Salary sheet'!$A$4:$R$24, 14, 0) -> 6774.1935
A17: Gross Salary | B17: =VLOOKUP($B$5,'Salary sheet'!A1:R24,15,0) -> 116900 | C17: Gross Deduction | D17: =SUM(D12:D13) -> 8400
A18: Net Salary | C18: =B17-D17 -> 108500
